,,,,,,,,,,,,,,,,,,,,,
,,,,MONTH,MONTH,MONTH,MONTH,MONTH,MONTH,MONTH,MONTH,MONTH,MONTH,MONTH,MONTH,MONTH,MONTH,MONTH,MONTH,MONTH,MONTH
STATE,LABORATORY,PRESENTATION,MOLECULE,12/2019,01/2020,02/2020,03/2020,04/2020,05/2020,06/2020,07/2020,08/2020,09/2020,10/2020,11/2020,12/2020,01/2021,02/2021,03/2021,04/2021,05/2021
,,,,12026,14405,12222,13506,28483,18033,21416,30386,46094,75159,234807,265956,192698,514251,236668,172903,291591,326100
BUENOS AIRES,MEGALABS,SECURO COMP.X 6,IVERMECTINA,683,783,663,782,1706,1019,1058,1284,1363,2541,7900,6391,10691,15149,7362,5905,12842,15173
BUENOS AIRES,MEGALABS,SECURO COMP.X 2,IVERMECTINA,606,694,577,581,1349,748,696,731,750,955,4185,1794,833,4202,117,844,1263,935
BUENOS AIRES,CASSARA,IVERCASS COMP.X 4,IVERMECTINA,32,19,26,18,88,31,51,74,72,160,1827,5933,4892,29340,11120,4790,9303,8685
BUENOS AIRES,CASSARA,IVERCASS SOL.ORAL GTAS.X 30 ML,IVERMECTINA,27,51,20,22,108,46,89,186,143,233,1374,2718,2159,10874,3211,1879,4559,4265
BUENOS AIRES,ELEA,IVER P 6 MG COMP.X 6,IVERMECTINA,19,29,12,20,29,0,0,0,0,0,1040,5070,2990,12613,6828,3790,8143,9912
BUENOS AIRES,ELEA,IVER P 18 MG COMP.X 15,IVERMECTINA,0,0,0,0,0,0,0,0,0,0,0,0,51,641,123,50,135,232
BUENOS AIRES,ELEA,IVER P 9 MG COMP.X 30,IVERMECTINA,0,0,0,0,0,0,0,0,0,0,0,0,41,623,102,38,66,96
BUENOS AIRES,PANALAB,IVERTAL 6 MG COMP.X 6,IVERMECTINA,34,47,57,50,161,109,78,50,96,220,1953,1455,2504,8502,4926,1209,4647,4408
BUENOS AIRES,PANALAB,IVERTAL 6 MG COMP.X 2,IVERMECTINA,36,56,49,39,108,59,46,52,69,90,369,452,676,3174,292,44,120,0
BUENOS AIRES,PANALAB,IVERTAL 6 MG COMP.X 12,IVERMECTINA,0,0,0,0,0,0,0,0,0,0,0,0,8,381,779,480,1232,1700
BUENOS AIRES,PANALAB,IVERTAL 6 MG COMP.X 24,IVERMECTINA,0,0,0,0,0,0,0,0,0,0,0,0,0,0,0,0,175,315
BUENOS AIRES,LAFEDAR,VERMECTIN 6 MG COMP.X 6,IVERMECTINA,0,0,0,0,0,0,0,0,0,0,0,73,4,71,88,14,15,12
SANTA FE,MEGALABS,SECURO COMP.X 6,IVERMECTINA,653,918,605,735,1290,954,947,1181,1329,3616,15001,10646,17151,12840,7387,6854,11448,15524
SANTA FE,MEGALABS,SECURO COMP.X 2,IVERMECTINA,490,691,519,472,1037,656,505,670,568,1968,5758,709,499,1929,119,407,830,751
SANTA FE,CASSARA,IVERCASS COMP.X 4,IVERMECTINA,75,47,46,33,124,77,90,98,90,652,5394,10076,5462,16172,5080,2986,5953,5761
SANTA FE,CASSARA,IVERCASS SOL.ORAL GTAS.X 30 ML,IVERMECTINA,86,77,71,57,53,84,125,121,98,407,4810,8437,3223,6832,2144,1695,4708,5463
SANTA FE,ELEA,IVER P 6 MG COMP.X 6,IVERMECTINA,19,16,11,9,26,0,0,0,1,0,3211,10310,3653,10827,5827,3673,8203,10104
SANTA FE,ELEA,IVER P 9 MG COMP.X 30,IVERMECTINA,0,0,0,0,0,0,0,0,0,0,0,0,4,189,12,15,27,42
SANTA FE,ELEA,IVER P 18 MG COMP.X 15,IVERMECTINA,0,0,0,0,0,0,0,0,0,0,0,0,14,75,23,8,12,19
SANTA FE,PANALAB,IVERTAL 6 MG COMP.X 6,IVERMECTINA,12,24,16,8,32,31,33,30,33,141,3761,2138,688,2004,248,299,1438,1568
SANTA FE,PANALAB,IVERTAL 6 MG COMP.X 2,IVERMECTINA,21,33,25,13,70,51,24,33,19,165,394,263,202,472,50,14,53,7
SANTA FE,PANALAB,IVERTAL 6 MG COMP.X 12,IVERMECTINA,0,0,0,0,0,0,0,0,0,0,0,0,25,354,185,143,566,634
SANTA FE,PANALAB,IVERTAL 6 MG COMP.X 24,IVERMECTINA,0,0,0,0,0,0,0,0,0,0,0,0,0,0,0,0,110,203
SANTA FE,LAFEDAR,VERMECTIN 6 MG COMP.X 6,IVERMECTINA,0,0,0,0,0,0,0,0,0,0,0,910,71,228,261,25,105,95
CORDOBA,MEGALABS,SECURO COMP.X 6,IVERMECTINA,530,758,577,716,1388,763,903,1239,1070,2667,12445,11386,6873,7274,8430,5927,7802,11253
CORDOBA,MEGALABS,SECURO COMP.X 2,IVERMECTINA,483,700,545,625,1208,571,580,725,693,1366,8155,939,910,1979,704,1238,966,1176
CORDOBA,CASSARA,IVERCASS COMP.X 4,IVERMECTINA,18,11,14,23,163,53,78,55,163,404,6085,12618,2979,9908,6217,4623,6789,10094
CORDOBA,CASSARA,IVERCASS SOL.ORAL GTAS.X 30 ML,IVERMECTINA,32,27,43,52,85,73,69,86,74,440,7661,13092,2072,4580,2480,2287,4333,5877
CORDOBA,ELEA,IVER P 6 MG COMP.X 6,IVERMECTINA,14,25,10,3,20,0,0,0,0,0,3726,6460,1617,4306,3050,3104,4450,5540
CORDOBA,ELEA,IVER P 9 MG COMP.X 30,IVERMECTINA,0,0,0,0,0,0,0,0,0,0,0,0,5,30,24,20,18,31
CORDOBA,ELEA,IVER P 18 MG COMP.X 15,IVERMECTINA,0,0,0,0,0,0,0,0,0,0,0,0,7,11,21,14,23,36
CORDOBA,PANALAB,IVERTAL 6 MG COMP.X 6,IVERMECTINA,21,23,12,20,83,107,9,25,23,71,3893,2621,235,646,495,462,1203,1300
CORDOBA,PANALAB,IVERTAL 6 MG COMP.X 2,IVERMECTINA,24,27,29,30,96,125,51,47,75,172,1916,692,17,253,162,79,159,153
CORDOBA,PANALAB,IVERTAL 6 MG COMP.X 12,IVERMECTINA,0,0,0,0,0,0,0,0,0,0,0,0,2,91,164,108,166,228
CORDOBA,PANALAB,IVERTAL 6 MG COMP.X 24,IVERMECTINA,0,0,0,0,0,0,0,0,0,0,0,0,0,0,0,0,47,86
CORDOBA,LAFEDAR,VERMECTIN 6 MG COMP.X 6,IVERMECTINA,0,0,0,0,0,0,0,0,0,0,0,529,2,7,5,0,5,0
SUBURBANO,MEGALABS,SECURO COMP.X 6,IVERMECTINA,1557,1673,1476,1989,3760,2226,2891,4283,3898,3951,4084,2026,5852,5386,6206,5656,9831,9073
SUBURBANO,MEGALABS,SECURO COMP.X 2,IVERMECTINA,1206,1331,1275,1618,2545,1283,1281,1728,1623,1552,1956,466,720,2375,498,1775,2242,1559
SUBURBANO,CASSARA,IVERCASS COMP.X 4,IVERMECTINA,130,127,95,51,217,104,266,421,411,591,833,2147,1462,19045,11714,5086,11699,7957
SUBURBANO,CASSARA,IVERCASS SOL.ORAL GTAS.X 30 ML,IVERMECTINA,140,161,130,173,277,358,616,1247,893,900,1297,891,1117,6242,2538,1843,4022,3406
SUBURBANO,PANALAB,IVERTAL 6 MG COMP.X 6,IVERMECTINA,282,288,231,318,581,558,496,349,12622,578,809,882,1033,3540,2630,1524,3310,2447
SUBURBANO,PANALAB,IVERTAL 6 MG COMP.X 2,IVERMECTINA,184,219,203,284,416,299,293,438,456,279,336,334,391,1353,532,146,34,9
SUBURBANO,PANALAB,IVERTAL 6 MG COMP.X 12,IVERMECTINA,0,0,0,0,0,0,0,0,0,0,0,0,1,160,733,382,908,687
SUBURBANO,PANALAB,IVERTAL 6 MG COMP.X 24,IVERMECTINA,0,0,0,0,0,0,0,0,0,0,0,0,0,0,0,0,224,200
SUBURBANO,ELEA,IVER P 6 MG COMP.X 6,IVERMECTINA,23,39,23,14,50,0,0,0,1,1,100,898,172,3459,1086,1119,2895,1948
SUBURBANO,ELEA,IVER P 18 MG COMP.X 15,IVERMECTINA,0,0,0,0,0,0,0,0,0,0,0,0,2,257,87,46,127,234
SUBURBANO,ELEA,IVER P 9 MG COMP.X 30,IVERMECTINA,0,0,0,0,0,0,0,0,0,0,0,0,15,191,47,42,84,49
SUBURBANO,LAFEDAR,VERMECTIN 6 MG COMP.X 6,IVERMECTINA,0,0,0,0,0,0,0,0,0,0,0,0,0,21,14,2,9,0
CAPITAL FEDERAL,MEGALABS,SECURO COMP.X 6,IVERMECTINA,801,869,637,711,1692,1383,1959,3005,2583,2767,3249,1911,5908,3908,3940,5001,8432,3812
CAPITAL FEDERAL,MEGALABS,SECURO COMP.X 2,IVERMECTINA,682,750,689,633,1273,549,774,954,798,842,1133,624,587,1517,331,891,1283,572
CAPITAL FEDERAL,CASSARA,IVERCASS COMP.X 4,IVERMECTINA,41,42,24,38,153,85,130,239,119,255,489,1632,1001,12418,7496,2644,4607,3053
CAPITAL FEDERAL,CASSARA,IVERCASS SOL.ORAL GTAS.X 30 ML,IVERMECTINA,33,40,39,52,127,187,654,1410,631,383,647,657,398,2813,1261,842,1650,1187
CAPITAL FEDERAL,PANALAB,IVERTAL 6 MG COMP.X 6,IVERMECTINA,137,191,125,99,243,293,164,107,241,438,673,498,745,2976,1202,787,1642,1133
CAPITAL FEDERAL,PANALAB,IVERTAL 6 MG COMP.X 2,IVERMECTINA,111,140,87,73,168,168,214,421,217,82,194,211,247,1159,344,56,77,37
CAPITAL FEDERAL,PANALAB,IVERTAL 6 MG COMP.X 12,IVERMECTINA,0,0,0,0,0,0,0,0,0,0,0,0,0,400,672,282,541,283
CAPITAL FEDERAL,PANALAB,IVERTAL 6 MG COMP.X 24,IVERMECTINA,0,0,0,0,0,0,0,0,0,0,0,0,0,0,0,0,90,118
CAPITAL FEDERAL,ELEA,IVER P 6 MG COMP.X 6,IVERMECTINA,9,13,6,7,8,0,0,0,0,40,53,594,288,3379,1376,975,1953,1325
CAPITAL FEDERAL,ELEA,IVER P 18 MG COMP.X 15,IVERMECTINA,0,0,0,0,0,0,0,0,0,0,0,0,9,183,79,25,43,39
CAPITAL FEDERAL,ELEA,IVER P 9 MG COMP.X 30,IVERMECTINA,0,0,0,0,0,0,0,0,0,0,0,0,1,195,62,28,30,27
CAPITAL FEDERAL,LAFEDAR,VERMECTIN 6 MG COMP.X 6,IVERMECTINA,0,0,0,0,0,0,0,0,0,0,0,0,0,13,5,0,1,0
CORRIENTES,MEGALABS,SECURO COMP.X 6,IVERMECTINA,121,134,106,111,82,45,87,202,143,2435,6476,8814,10563,11437,10900,10837,6803,5282
CORRIENTES,MEGALABS,SECURO COMP.X 2,IVERMECTINA,110,167,159,132,157,52,110,111,123,829,2205,759,18,184,12,178,128,223
CORRIENTES,CASSARA,IVERCASS COMP.X 4,IVERMECTINA,10,11,6,8,18,2,9,50,49,263,652,5159,2434,13124,6479,3003,2078,1527
CORRIENTES,CASSARA,IVERCASS SOL.ORAL GTAS.X 30 ML,IVERMECTINA,6,0,0,5,3,17,11,12,18,76,229,345,154,937,333,219,262,299
CORRIENTES,ELEA,IVER P 6 MG COMP.X 6,IVERMECTINA,2,11,4,4,0,0,0,0,0,0,4,1767,299,1154,3511,1900,1435,1102
CORRIENTES,ELEA,IVER P 18 MG COMP.X 15,IVERMECTINA,0,0,0,0,0,0,0,0,0,0,0,0,3,74,11,10,0,1
CORRIENTES,ELEA,IVER P 9 MG COMP.X 30,IVERMECTINA,0,0,0,0,0,0,0,0,0,0,0,0,6,58,8,7,2,4
CORRIENTES,PANALAB,IVERTAL 6 MG COMP.X 6,IVERMECTINA,8,2,2,2,5,21,11,5,2,299,651,2376,1265,1003,1286,1075,791,768
CORRIENTES,PANALAB,IVERTAL 6 MG COMP.X 2,IVERMECTINA,5,13,4,5,34,23,23,8,14,232,93,173,112,130,13,0,0,2
CORRIENTES,PANALAB,IVERTAL 6 MG COMP.X 12,IVERMECTINA,0,0,0,0,0,0,0,0,0,0,0,0,0,45,223,335,184,70
CORRIENTES,PANALAB,IVERTAL 6 MG COMP.X 24,IVERMECTINA,0,0,0,0,0,0,0,0,0,0,0,0,0,0,0,0,8,13
SALTA,CASSARA,IVERCASS COMP.X 4,IVERMECTINA,1,2,0,4,32,152,361,426,1331,7240,10663,2440,1710,5296,3083,2990,3307,4252
SALTA,CASSARA,IVERCASS SOL.ORAL GTAS.X 30 ML,IVERMECTINA,5,2,8,3,13,15,21,50,183,2523,5058,421,365,1605,884,753,1498,1377
SALTA,MEGALABS,SECURO COMP.X 6,IVERMECTINA,89,82,99,98,144,274,794,1581,1826,9042,5485,872,1493,4388,1911,1872,2867,1809
SALTA,MEGALABS,SECURO COMP.X 2,IVERMECTINA,65,108,77,90,258,109,212,282,640,3631,3153,179,148,213,179,448,121,119
SALTA,PANALAB,IVERTAL 6 MG COMP.X 6,IVERMECTINA,1,5,3,8,65,374,40,87,374,1228,1663,278,196,876,316,391,460,367
SALTA,PANALAB,IVERTAL 6 MG COMP.X 2,IVERMECTINA,3,5,5,7,25,344,202,51,208,596,507,6,6,17,4,4,107,8
SALTA,PANALAB,IVERTAL 6 MG COMP.X 12,IVERMECTINA,0,0,0,0,0,0,0,0,0,0,0,0,0,25,65,69,54,155
SALTA,PANALAB,IVERTAL 6 MG COMP.X 24,IVERMECTINA,0,0,0,0,0,0,0,0,0,0,0,0,0,0,0,0,19,21
SALTA,ELEA,IVER P 6 MG COMP.X 6,IVERMECTINA,4,2,6,4,21,0,0,0,0,0,302,213,78,227,273,232,287,247
SALTA,ELEA,IVER P 9 MG COMP.X 30,IVERMECTINA,0,0,0,0,0,0,0,0,0,0,0,0,0,0,0,10,0,1
SALTA,ELEA,IVER P 18 MG COMP.X 15,IVERMECTINA,0,0,0,0,0,0,0,0,0,0,0,0,0,0,0,3,0,0
SALTA,LAFEDAR,VERMECTIN 6 MG COMP.X 6,IVERMECTINA,0,0,0,0,0,0,0,0,0,0,0,0,0,0,1,0,0,0
MISIONES,CASSARA,IVERCASS COMP.X 4,IVERMECTINA,7,17,20,4,25,0,10,22,30,53,251,605,6425,30646,5131,4315,2065,2762
MISIONES,CASSARA,IVERCASS SOL.ORAL GTAS.X 30 ML,IVERMECTINA,0,3,5,1,9,4,4,12,22,15,162,121,1051,8656,1323,1222,647,848
MISIONES,MEGALABS,SECURO COMP.X 6,IVERMECTINA,101,110,85,93,154,124,142,423,282,298,1091,1101,3506,6781,1530,1883,1019,1471
MISIONES,MEGALABS,SECURO COMP.X 2,IVERMECTINA,112,106,93,100,152,84,154,189,152,277,983,42,11,133,20,82,42,50
MISIONES,ELEA,IVER P 6 MG COMP.X 6,IVERMECTINA,1,0,0,0,2,0,0,0,0,0,26,399,1461,3586,2569,1950,989,1940
MISIONES,ELEA,IVER P 18 MG COMP.X 15,IVERMECTINA,0,0,0,0,0,0,0,0,0,0,0,0,159,254,24,70,56,120
MISIONES,ELEA,IVER P 9 MG COMP.X 30,IVERMECTINA,0,0,0,0,0,0,0,0,0,0,0,0,113,337,22,6,13,16
MISIONES,PANALAB,IVERTAL 6 MG COMP.X 6,IVERMECTINA,0,2,2,0,21,17,2,1,2,16,159,85,1270,2782,403,661,395,633
MISIONES,PANALAB,IVERTAL 6 MG COMP.X 12,IVERMECTINA,0,0,0,0,0,0,0,0,0,0,0,0,0,192,101,203,154,126
MISIONES,PANALAB,IVERTAL 6 MG COMP.X 2,IVERMECTINA,5,8,7,3,25,28,22,9,10,35,17,23,180,215,16,0,0,1
MISIONES,PANALAB,IVERTAL 6 MG COMP.X 24,IVERMECTINA,0,0,0,0,0,0,0,0,0,0,0,0,0,0,0,0,16,10
TUCUMAN,CASSARA,IVERCASS COMP.X 4,IVERMECTINA,8,9,14,9,70,28,42,37,80,1636,14908,5964,1848,4369,2260,5471,11122,10558
TUCUMAN,CASSARA,IVERCASS SOL.ORAL GTAS.X 30 ML,IVERMECTINA,5,20,9,10,45,19,26,24,30,482,7247,626,170,332,231,483,1100,1130
TUCUMAN,MEGALABS,SECURO COMP.X 6,IVERMECTINA,60,123,75,84,187,118,138,100,106,744,3258,1107,424,618,172,1225,1962,1521
TUCUMAN,MEGALABS,SECURO COMP.X 2,IVERMECTINA,70,167,94,109,312,108,111,163,122,556,4549,625,121,91,70,134,213,116
TUCUMAN,PANALAB,IVERTAL 6 MG COMP.X 6,IVERMECTINA,5,11,5,11,49,31,15,5,38,145,2627,304,289,516,491,440,1699,638
TUCUMAN,PANALAB,IVERTAL 6 MG COMP.X 2,IVERMECTINA,8,10,14,7,7,39,22,16,17,91,558,72,10,47,35,33,31,12
TUCUMAN,PANALAB,IVERTAL 6 MG COMP.X 12,IVERMECTINA,0,0,0,0,0,0,0,0,0,0,0,0,1,9,29,81,119,41
TUCUMAN,PANALAB,IVERTAL 6 MG COMP.X 24,IVERMECTINA,0,0,0,0,0,0,0,0,0,0,0,0,0,0,0,0,26,32
TUCUMAN,ELEA,IVER P 6 MG COMP.X 6,IVERMECTINA,1,1,2,1,20,0,0,0,0,0,468,2123,214,201,253,498,1116,1634
TUCUMAN,ELEA,IVER P 9 MG COMP.X 30,IVERMECTINA,0,0,0,0,0,0,0,0,0,0,0,0,0,0,2,5,9,3
TUCUMAN,ELEA,IVER P 18 MG COMP.X 15,IVERMECTINA,0,0,0,0,0,0,0,0,0,0,0,0,0,0,2,0,1,2
TUCUMAN,LAFEDAR,VERMECTIN 6 MG COMP.X 6,IVERMECTINA,0,0,0,0,0,0,0,0,0,0,0,0,0,0,0,0,0,2
ENTRE RIOS,CASSARA,IVERCASS COMP.X 4,IVERMECTINA,41,27,25,27,70,22,55,64,75,180,627,2199,1929,10394,4433,1584,2563,2922
ENTRE RIOS,CASSARA,IVERCASS SOL.ORAL GTAS.X 30 ML,IVERMECTINA,14,21,14,27,58,25,39,30,43,28,267,1328,662,4683,912,586,1146,1584
ENTRE RIOS,MEGALABS,SECURO COMP.X 6,IVERMECTINA,193,232,213,246,596,286,355,416,371,487,998,2790,5144,5192,2670,2021,3375,4791
ENTRE RIOS,MEGALABS,SECURO COMP.X 2,IVERMECTINA,132,173,153,134,457,269,219,233,235,251,514,136,232,1158,39,136,144,234
ENTRE RIOS,ELEA,IVER P 6 MG COMP.X 6,IVERMECTINA,4,7,4,5,11,0,1,0,0,0,120,968,334,4454,1982,1066,1723,1997
ENTRE RIOS,ELEA,IVER P 9 MG COMP.X 30,IVERMECTINA,0,0,0,0,0,0,0,0,0,0,0,0,0,242,21,6,8,9
ENTRE RIOS,ELEA,IVER P 18 MG COMP.X 15,IVERMECTINA,0,0,0,0,0,0,0,0,0,0,0,0,6,111,14,7,8,14
ENTRE RIOS,PANALAB,IVERTAL 6 MG COMP.X 6,IVERMECTINA,11,8,9,6,25,36,16,28,22,37,40,421,64,653,107,90,189,262
ENTRE RIOS,PANALAB,IVERTAL 6 MG COMP.X 2,IVERMECTINA,12,22,31,14,83,33,27,20,9,43,47,58,34,339,21,3,6,6
ENTRE RIOS,PANALAB,IVERTAL 6 MG COMP.X 12,IVERMECTINA,0,0,0,0,0,0,0,0,0,0,0,0,8,32,133,74,171,374
ENTRE RIOS,PANALAB,IVERTAL 6 MG COMP.X 24,IVERMECTINA,0,0,0,0,0,0,0,0,0,0,0,0,0,0,0,0,20,34
ENTRE RIOS,LAFEDAR,VERMECTIN 6 MG COMP.X 6,IVERMECTINA,0,0,0,0,0,0,0,0,0,0,0,6,0,11,12,1,0,2
CHACO,MEGALABS,SECURO COMP.X 6,IVERMECTINA,62,82,45,63,116,58,151,177,212,664,2609,5178,5605,5344,3476,2315,2290,2558
CHACO,MEGALABS,SECURO COMP.X 2,IVERMECTINA,59,32,41,62,84,24,55,64,62,333,2214,27,20,505,31,118,40,120
CHACO,CASSARA,IVERCASS COMP.X 4,IVERMECTINA,12,5,2,5,32,13,7,12,15,70,844,3800,2327,10949,3457,1358,1556,2408
CHACO,CASSARA,IVERCASS SOL.ORAL GTAS.X 30 ML,IVERMECTINA,1,1,3,3,7,7,4,11,19,76,451,758,336,912,294,212,239,307
CHACO,PANALAB,IVERTAL 6 MG COMP.X 6,IVERMECTINA,2,1,3,1,12,19,35,1,1,10,887,670,1009,845,765,1110,1620,1859
CHACO,PANALAB,IVERTAL 6 MG COMP.X 2,IVERMECTINA,7,1,6,6,26,45,35,24,31,19,206,94,134,207,24,9,0,0
CHACO,PANALAB,IVERTAL 6 MG COMP.X 12,IVERMECTINA,0,0,0,0,0,0,0,0,0,0,0,0,0,16,23,65,99,129
CHACO,PANALAB,IVERTAL 6 MG COMP.X 24,IVERMECTINA,0,0,0,0,0,0,0,0,0,0,0,0,0,0,0,0,12,13
CHACO,ELEA,IVER P 6 MG COMP.X 6,IVERMECTINA,4,9,3,1,6,0,0,0,0,0,614,2245,487,1053,1129,751,858,1386
CHACO,ELEA,IVER P 9 MG COMP.X 30,IVERMECTINA,0,0,0,0,0,0,0,0,0,0,0,0,11,45,11,3,2,2
CHACO,ELEA,IVER P 18 MG COMP.X 15,IVERMECTINA,0,0,0,0,0,0,0,0,0,0,0,0,7,23,9,2,1,4
SANTA CRUZ,ELEA,IVER P 6 MG COMP.X 6,IVERMECTINA,0,0,0,0,1,0,0,0,0,0,125,5105,3465,4534,1651,1987,3127,3044
SANTA CRUZ,ELEA,IVER P 18 MG COMP.X 15,IVERMECTINA,0,0,0,0,0,0,0,0,0,0,0,0,55,477,115,163,69,101
SANTA CRUZ,ELEA,IVER P 9 MG COMP.X 30,IVERMECTINA,0,0,0,0,0,0,0,0,0,0,0,0,44,484,84,122,98,42
SANTA CRUZ,CASSARA,IVERCASS COMP.X 4,IVERMECTINA,0,1,0,0,0,5,4,95,40,28,138,788,2559,4356,1216,531,641,435
SANTA CRUZ,CASSARA,IVERCASS SOL.ORAL GTAS.X 30 ML,IVERMECTINA,1,0,0,0,0,0,0,0,3,95,118,835,2680,3224,820,624,911,1019
SANTA CRUZ,PANALAB,IVERTAL 6 MG COMP.X 6,IVERMECTINA,0,0,0,3,10,0,4,0,4,3,55,967,2425,3773,2466,249,839,658
SANTA CRUZ,PANALAB,IVERTAL 6 MG COMP.X 2,IVERMECTINA,2,0,3,0,5,0,0,2,4,28,140,682,808,236,6,6,4,10
SANTA CRUZ,PANALAB,IVERTAL 6 MG COMP.X 12,IVERMECTINA,0,0,0,0,0,0,0,0,0,0,0,0,3,30,88,144,121,41
SANTA CRUZ,PANALAB,IVERTAL 6 MG COMP.X 24,IVERMECTINA,0,0,0,0,0,0,0,0,0,0,0,0,0,0,0,0,0,3
SANTA CRUZ,MEGALABS,SECURO COMP.X 6,IVERMECTINA,55,31,32,45,116,52,43,55,105,303,590,2450,2967,1170,224,692,874,658
SANTA CRUZ,MEGALABS,SECURO COMP.X 2,IVERMECTINA,26,18,42,21,57,15,15,40,35,149,441,267,42,501,2,22,59,27
NEUQUEN,ELEA,IVER P 6 MG COMP.X 6,IVERMECTINA,0,0,0,0,0,0,0,0,0,0,309,2376,929,5431,3246,1422,1571,7503
NEUQUEN,ELEA,IVER P 9 MG COMP.X 30,IVERMECTINA,0,0,0,0,0,0,0,0,0,0,0,0,34,358,69,21,17,95
NEUQUEN,ELEA,IVER P 18 MG COMP.X 15,IVERMECTINA,0,0,0,0,0,0,0,0,0,0,0,0,26,358,74,10,12,66
NEUQUEN,CASSARA,IVERCASS SOL.ORAL GTAS.X 30 ML,IVERMECTINA,2,4,0,0,8,0,3,12,10,45,256,711,886,2939,1721,751,786,2924
NEUQUEN,CASSARA,IVERCASS COMP.X 4,IVERMECTINA,2,4,2,7,9,1,5,3,4,39,235,1068,1301,3851,1210,589,653,2049
NEUQUEN,MEGALABS,SECURO COMP.X 6,IVERMECTINA,58,80,93,55,159,76,72,82,133,230,1036,663,1162,1258,293,693,433,1628
NEUQUEN,MEGALABS,SECURO COMP.X 2,IVERMECTINA,47,76,73,46,170,44,58,55,57,126,857,214,12,450,0,175,53,139
NEUQUEN,PANALAB,IVERTAL 6 MG COMP.X 6,IVERMECTINA,0,0,1,0,1,2,1,2,1,19,110,266,314,2525,2171,113,150,784
NEUQUEN,PANALAB,IVERTAL 6 MG COMP.X 12,IVERMECTINA,0,0,0,0,0,0,0,0,0,0,0,0,5,98,23,183,94,426
NEUQUEN,PANALAB,IVERTAL 6 MG COMP.X 2,IVERMECTINA,2,1,5,3,2,8,1,11,6,22,161,115,297,166,8,8,0,0
NEUQUEN,PANALAB,IVERTAL 6 MG COMP.X 24,IVERMECTINA,0,0,0,0,0,0,0,0,0,0,0,0,0,0,0,0,10,46
NEUQUEN,LAFEDAR,VERMECTIN 6 MG COMP.X 6,IVERMECTINA,0,0,0,0,0,0,0,0,0,0,0,0,0,9,11,0,0,0
MENDOZA,MEGALABS,SECURO COMP.X 6,IVERMECTINA,108,132,156,131,423,107,152,250,346,687,758,901,1308,2153,1187,1231,4804,2805
MENDOZA,MEGALABS,SECURO COMP.X 2,IVERMECTINA,98,88,139,103,286,106,78,86,104,308,633,218,263,343,207,142,865,349
MENDOZA,CASSARA,IVERCASS COMP.X 4,IVERMECTINA,11,5,3,11,36,39,38,33,41,156,238,1274,598,1559,811,742,3413,2671
MENDOZA,CASSARA,IVERCASS SOL.ORAL GTAS.X 30 ML,IVERMECTINA,3,0,1,10,25,8,16,19,34,125,381,2083,558,1027,588,556,2197,2124
MENDOZA,ELEA,IVER P 6 MG COMP.X 6,IVERMECTINA,6,21,12,0,53,0,0,0,0,0,107,1992,481,824,569,803,5440,3713
MENDOZA,ELEA,IVER P 9 MG COMP.X 30,IVERMECTINA,0,0,0,0,0,0,0,0,0,0,0,0,0,13,3,23,42,27
MENDOZA,ELEA,IVER P 18 MG COMP.X 15,IVERMECTINA,0,0,0,0,0,0,0,0,0,0,0,0,0,4,7,2,20,8
MENDOZA,PANALAB,IVERTAL 6 MG COMP.X 6,IVERMECTINA,8,3,5,3,25,19,17,4,9,29,175,83,125,160,92,88,752,625
MENDOZA,PANALAB,IVERTAL 6 MG COMP.X 2,IVERMECTINA,5,7,4,2,22,8,6,5,7,17,47,20,26,39,21,24,392,59
MENDOZA,PANALAB,IVERTAL 6 MG COMP.X 12,IVERMECTINA,0,0,0,0,0,0,0,0,0,0,0,0,0,10,32,14,62,155
MENDOZA,PANALAB,IVERTAL 6 MG COMP.X 24,IVERMECTINA,0,0,0,0,0,0,0,0,0,0,0,0,0,0,0,0,15,57
MENDOZA,LAFEDAR,VERMECTIN 6 MG COMP.X 6,IVERMECTINA,0,0,0,0,0,0,0,0,0,0,0,0,0,2,0,0,5,1
RIO NEGRO,ELEA,IVER P 6 MG COMP.X 6,IVERMECTINA,0,0,0,0,0,0,0,0,0,0,297,2317,1012,5245,1862,1959,2069,4475
RIO NEGRO,ELEA,IVER P 9 MG COMP.X 30,IVERMECTINA,0,0,0,0,0,0,0,0,0,0,0,0,14,154,19,8,16,19
RIO NEGRO,ELEA,IVER P 18 MG COMP.X 15,IVERMECTINA,0,0,0,0,0,0,0,0,0,0,0,0,10,118,28,5,14,38
RIO NEGRO,CASSARA,IVERCASS COMP.X 4,IVERMECTINA,3,3,8,0,19,2,13,10,7,54,342,1359,2043,4184,1259,691,882,1673
RIO NEGRO,CASSARA,IVERCASS SOL.ORAL GTAS.X 30 ML,IVERMECTINA,5,4,16,5,14,5,5,10,14,25,101,440,292,1516,490,302,385,948
RIO NEGRO,PANALAB,IVERTAL 6 MG COMP.X 6,IVERMECTINA,2,6,17,8,53,10,22,18,29,58,203,364,526,2594,2978,330,700,1247
RIO NEGRO,PANALAB,IVERTAL 6 MG COMP.X 2,IVERMECTINA,5,9,19,15,62,18,19,12,7,35,136,176,432,393,28,16,1,2
RIO NEGRO,PANALAB,IVERTAL 6 MG COMP.X 12,IVERMECTINA,0,0,0,0,0,0,0,0,0,0,0,0,0,47,15,152,164,539
RIO NEGRO,PANALAB,IVERTAL 6 MG COMP.X 24,IVERMECTINA,0,0,0,0,0,0,0,0,0,0,0,0,0,0,0,0,11,59
RIO NEGRO,MEGALABS,SECURO COMP.X 6,IVERMECTINA,78,58,77,51,122,107,86,103,108,200,748,700,615,1933,148,640,732,1100
RIO NEGRO,MEGALABS,SECURO COMP.X 2,IVERMECTINA,64,70,66,63,98,56,60,39,57,77,823,73,20,519,15,28,46,86
RIO NEGRO,LAFEDAR,VERMECTIN 6 MG COMP.X 6,IVERMECTINA,0,0,0,0,0,0,0,0,0,0,0,0,0,3,18,0,0,0
SAN JUAN,CASSARA,IVERCASS SOL.ORAL GTAS.X 30 ML,IVERMECTINA,2,0,0,0,1,54,12,5,4,74,734,7558,821,924,449,580,1222,2376
SAN JUAN,CASSARA,IVERCASS COMP.X 4,IVERMECTINA,3,3,7,3,25,0,12,8,4,39,235,5001,848,755,545,520,1397,2613
SAN JUAN,MEGALABS,SECURO COMP.X 6,IVERMECTINA,54,93,77,76,209,66,77,86,66,178,1117,3262,1738,458,292,417,1017,1310
SAN JUAN,MEGALABS,SECURO COMP.X 2,IVERMECTINA,56,76,87,63,224,55,75,58,63,71,1278,96,54,40,40,46,147,136
SAN JUAN,ELEA,IVER P 6 MG COMP.X 6,IVERMECTINA,3,3,0,0,3,0,0,0,0,0,147,6798,200,333,315,260,884,1014
SAN JUAN,ELEA,IVER P 9 MG COMP.X 30,IVERMECTINA,0,0,0,0,0,0,0,0,0,0,0,0,3,2,0,2,1,4
SAN JUAN,ELEA,IVER P 18 MG COMP.X 15,IVERMECTINA,0,0,0,0,0,0,0,0,0,0,0,0,0,1,0,0,0,4
SAN JUAN,PANALAB,IVERTAL 6 MG COMP.X 6,IVERMECTINA,1,1,0,0,3,0,0,2,0,5,709,93,11,20,3,7,27,106
SAN JUAN,PANALAB,IVERTAL 6 MG COMP.X 2,IVERMECTINA,2,0,0,0,17,1,0,0,2,4,16,450,10,1,2,0,21,0
SAN JUAN,PANALAB,IVERTAL 6 MG COMP.X 12,IVERMECTINA,0,0,0,0,0,0,0,0,0,0,0,0,0,1,11,0,6,46
SAN JUAN,PANALAB,IVERTAL 6 MG COMP.X 24,IVERMECTINA,0,0,0,0,0,0,0,0,0,0,0,0,0,0,0,0,3,21
SAN JUAN,LAFEDAR,VERMECTIN 6 MG COMP.X 6,IVERMECTINA,0,0,0,0,0,0,0,0,0,0,0,0,0,1,0,0,1,1
LA PAMPA,CASSARA,IVERCASS COMP.X 4,IVERMECTINA,2,3,1,0,7,0,4,2,3,7,183,434,2200,6456,1763,1017,1339,1988
LA PAMPA,CASSARA,IVERCASS SOL.ORAL GTAS.X 30 ML,IVERMECTINA,0,4,2,2,3,7,9,11,8,10,73,300,741,3945,1038,479,638,1344
LA PAMPA,ELEA,IVER P 6 MG COMP.X 6,IVERMECTINA,0,1,0,0,0,0,0,0,0,0,50,275,664,2517,922,543,849,1428
LA PAMPA,ELEA,IVER P 18 MG COMP.X 15,IVERMECTINA,0,0,0,0,0,0,0,0,0,0,0,0,5,113,20,11,11,127
LA PAMPA,ELEA,IVER P 9 MG COMP.X 30,IVERMECTINA,0,0,0,0,0,0,0,0,0,0,0,0,7,166,24,3,21,26
LA PAMPA,PANALAB,IVERTAL 6 MG COMP.X 6,IVERMECTINA,5,13,1,7,5,12,12,15,11,10,30,104,439,2519,1459,249,465,639
LA PAMPA,PANALAB,IVERTAL 6 MG COMP.X 2,IVERMECTINA,3,3,3,1,10,7,7,11,5,9,15,49,240,418,60,3,5,19
LA PAMPA,PANALAB,IVERTAL 6 MG COMP.X 12,IVERMECTINA,0,0,0,0,0,0,0,0,0,0,0,0,0,14,54,75,42,104
LA PAMPA,PANALAB,IVERTAL 6 MG COMP.X 24,IVERMECTINA,0,0,0,0,0,0,0,0,0,0,0,0,0,0,0,0,3,23
LA PAMPA,MEGALABS,SECURO COMP.X 6,IVERMECTINA,19,30,15,18,57,31,32,38,35,62,157,188,385,1554,244,207,313,294
LA PAMPA,MEGALABS,SECURO COMP.X 2,IVERMECTINA,16,16,15,18,42,24,21,20,25,24,139,26,57,556,16,17,19,44
LA PAMPA,LAFEDAR,VERMECTIN 6 MG COMP.X 6,IVERMECTINA,0,0,0,0,0,0,0,0,0,0,0,0,0,0,6,0,3,0
SANTIAGO DEL ESTERO,CASSARA,IVERCASS COMP.X 4,IVERMECTINA,0,1,1,5,12,3,12,4,202,368,1769,3515,400,1639,867,720,1562,3881
SANTIAGO DEL ESTERO,CASSARA,IVERCASS SOL.ORAL GTAS.X 30 ML,IVERMECTINA,0,1,2,1,1,7,5,12,6,27,830,695,132,269,112,111,238,454
SANTIAGO DEL ESTERO,MEGALABS,SECURO COMP.X 6,IVERMECTINA,35,52,47,38,162,31,58,93,1255,714,1153,2348,225,755,442,375,707,1546
SANTIAGO DEL ESTERO,MEGALABS,SECURO COMP.X 2,IVERMECTINA,16,33,30,32,119,40,55,34,371,409,1985,143,24,116,29,78,91,283
SANTIAGO DEL ESTERO,ELEA,IVER P 6 MG COMP.X 6,IVERMECTINA,3,8,3,1,0,0,0,0,0,0,791,2282,309,1202,440,434,763,1659
SANTIAGO DEL ESTERO,ELEA,IVER P 18 MG COMP.X 15,IVERMECTINA,0,0,0,0,0,0,0,0,0,0,0,0,0,7,5,0,1,7
SANTIAGO DEL ESTERO,ELEA,IVER P 9 MG COMP.X 30,IVERMECTINA,0,0,0,0,0,0,0,0,0,0,0,0,1,4,0,0,0,3
SANTIAGO DEL ESTERO,PANALAB,IVERTAL 6 MG COMP.X 6,IVERMECTINA,13,12,21,14,33,18,15,21,41,94,1212,30,60,140,54,40,138,608
SANTIAGO DEL ESTERO,PANALAB,IVERTAL 6 MG COMP.X 2,IVERMECTINA,2,16,15,4,35,14,31,36,42,80,109,26,6,10,1,1,13,12
SANTIAGO DEL ESTERO,PANALAB,IVERTAL 6 MG COMP.X 12,IVERMECTINA,0,0,0,0,0,0,0,0,0,0,0,0,0,2,13,3,30,123
SANTIAGO DEL ESTERO,PANALAB,IVERTAL 6 MG COMP.X 24,IVERMECTINA,0,0,0,0,0,0,0,0,0,0,0,0,0,0,0,0,1,68
CHUBUT,CASSARA,IVERCASS COMP.X 4,IVERMECTINA,3,8,4,9,2,0,14,6,9,16,99,543,1932,4121,745,450,399,441
CHUBUT,CASSARA,IVERCASS SOL.ORAL GTAS.X 30 ML,IVERMECTINA,4,3,4,5,4,5,15,20,2,32,238,382,1315,3235,535,336,381,338
CHUBUT,MEGALABS,SECURO COMP.X 6,IVERMECTINA,60,60,61,74,83,83,93,154,122,224,415,601,609,1987,1000,272,719,721
CHUBUT,MEGALABS,SECURO COMP.X 2,IVERMECTINA,71,73,89,158,57,53,51,91,117,149,705,220,22,774,58,51,52,92
CHUBUT,ELEA,IVER P 6 MG COMP.X 6,IVERMECTINA,0,0,0,0,0,0,0,0,0,0,96,910,542,2656,644,1058,476,483
CHUBUT,ELEA,IVER P 9 MG COMP.X 30,IVERMECTINA,0,0,0,0,0,0,0,0,0,0,0,0,32,514,8,11,20,14
CHUBUT,ELEA,IVER P 18 MG COMP.X 15,IVERMECTINA,0,0,0,0,0,0,0,0,0,0,0,0,43,473,6,6,16,14
CHUBUT,PANALAB,IVERTAL 6 MG COMP.X 6,IVERMECTINA,0,0,1,3,2,3,3,5,10,12,42,149,239,1888,656,136,118,99
CHUBUT,PANALAB,IVERTAL 6 MG COMP.X 2,IVERMECTINA,2,0,2,0,2,0,0,0,1,15,137,129,398,257,79,4,5,0
CHUBUT,PANALAB,IVERTAL 6 MG COMP.X 12,IVERMECTINA,0,0,0,0,0,0,0,0,0,0,0,0,3,33,22,104,86,74
CHUBUT,PANALAB,IVERTAL 6 MG COMP.X 24,IVERMECTINA,0,0,0,0,0,0,0,0,0,0,0,0,0,0,0,0,9,6
FORMOSA,CASSARA,IVERCASS COMP.X 4,IVERMECTINA,4,4,9,3,14,9,6,8,56,71,49,178,148,7203,858,1360,2184,3558
FORMOSA,CASSARA,IVERCASS SOL.ORAL GTAS.X 30 ML,IVERMECTINA,4,4,2,6,4,12,10,12,26,54,45,46,73,1415,114,162,573,1292
FORMOSA,MEGALABS,SECURO COMP.X 6,IVERMECTINA,21,21,15,15,62,50,74,38,276,334,144,231,198,1271,497,860,1583,2595
FORMOSA,MEGALABS,SECURO COMP.X 2,IVERMECTINA,13,29,22,23,38,25,28,21,53,151,170,9,6,182,9,18,18,49
FORMOSA,ELEA,IVER P 6 MG COMP.X 6,IVERMECTINA,1,1,0,0,1,0,0,0,0,0,0,66,19,1639,526,431,925,2641
FORMOSA,ELEA,IVER P 18 MG COMP.X 15,IVERMECTINA,0,0,0,0,0,0,0,0,0,0,0,0,1,102,5,4,15,17
FORMOSA,ELEA,IVER P 9 MG COMP.X 30,IVERMECTINA,0,0,0,0,0,0,0,0,0,0,0,0,0,41,3,5,14,13
FORMOSA,PANALAB,IVERTAL 6 MG COMP.X 6,IVERMECTINA,0,1,0,0,1,3,0,6,23,3,22,0,9,669,134,126,269,824
FORMOSA,PANALAB,IVERTAL 6 MG COMP.X 12,IVERMECTINA,0,0,0,0,0,0,0,0,0,0,0,0,0,13,3,46,163,493
FORMOSA,PANALAB,IVERTAL 6 MG COMP.X 2,IVERMECTINA,3,2,1,11,8,11,4,7,21,12,17,1,12,296,15,0,0,3
FORMOSA,PANALAB,IVERTAL 6 MG COMP.X 24,IVERMECTINA,0,0,0,0,0,0,0,0,0,0,0,0,0,0,0,0,38,90
FORMOSA,LAFEDAR,VERMECTIN 6 MG COMP.X 6,IVERMECTINA,0,0,0,0,0,0,0,0,0,0,0,0,0,2,9,0,0,0
SAN LUIS,CASSARA,IVERCASS COMP.X 4,IVERMECTINA,1,0,4,2,4,4,2,5,2,68,150,2193,331,1341,1074,692,3104,2472
SAN LUIS,CASSARA,IVERCASS SOL.ORAL GTAS.X 30 ML,IVERMECTINA,2,2,3,2,4,1,4,2,12,60,573,2288,279,990,422,444,2030,2052
SAN LUIS,MEGALABS,SECURO COMP.X 6,IVERMECTINA,30,39,50,32,66,46,17,95,85,218,642,61,106,401,576,179,507,720
SAN LUIS,MEGALABS,SECURO COMP.X 2,IVERMECTINA,30,43,44,29,73,63,25,50,58,73,439,112,157,189,96,60,103,68
SAN LUIS,ELEA,IVER P 6 MG COMP.X 6,IVERMECTINA,3,4,4,0,21,0,0,0,0,0,50,477,61,572,449,375,986,1061
SAN LUIS,ELEA,IVER P 9 MG COMP.X 30,IVERMECTINA,0,0,0,0,0,0,0,0,0,0,0,0,0,9,4,0,15,2
SAN LUIS,ELEA,IVER P 18 MG COMP.X 15,IVERMECTINA,0,0,0,0,0,0,0,0,0,0,0,0,0,4,1,1,5,2
SAN LUIS,PANALAB,IVERTAL 6 MG COMP.X 6,IVERMECTINA,5,4,5,1,11,14,5,1,9,31,266,172,202,480,168,134,670,852
SAN LUIS,PANALAB,IVERTAL 6 MG COMP.X 12,IVERMECTINA,0,0,0,0,0,0,0,0,0,0,0,0,0,41,55,21,165,103
SAN LUIS,PANALAB,IVERTAL 6 MG COMP.X 2,IVERMECTINA,3,2,5,5,13,4,1,8,9,37,9,30,31,81,10,3,90,8
SAN LUIS,PANALAB,IVERTAL 6 MG COMP.X 24,IVERMECTINA,0,0,0,0,0,0,0,0,0,0,0,0,0,0,0,0,8,22
SAN LUIS,LAFEDAR,VERMECTIN 6 MG COMP.X 6,IVERMECTINA,0,0,0,0,0,0,0,0,0,0,0,0,0,0,5,0,0,0
CATAMARCA,CASSARA,IVERCASS COMP.X 4,IVERMECTINA,0,2,1,0,7,5,27,6,22,29,642,2100,305,1508,1258,1641,2866,4520
CATAMARCA,CASSARA,IVERCASS SOL.ORAL GTAS.X 30 ML,IVERMECTINA,0,0,1,2,12,2,4,6,4,20,679,840,73,381,333,204,577,1407
CATAMARCA,MEGALABS,SECURO COMP.X 6,IVERMECTINA,9,29,18,20,28,17,31,24,26,74,482,1406,211,318,454,445,512,1548
CATAMARCA,MEGALABS,SECURO COMP.X 2,IVERMECTINA,13,18,16,12,41,9,14,31,11,66,205,195,20,63,86,59,83,173
CATAMARCA,ELEA,IVER P 6 MG COMP.X 6,IVERMECTINA,1,0,0,1,0,0,0,0,0,0,122,204,45,73,195,193,280,855
CATAMARCA,ELEA,IVER P 18 MG COMP.X 15,IVERMECTINA,0,0,0,0,0,0,0,0,0,0,0,0,0,1,0,0,4,7
CATAMARCA,ELEA,IVER P 9 MG COMP.X 30,IVERMECTINA,0,0,0,0,0,0,0,0,0,0,0,0,0,0,4,1,3,3
CATAMARCA,PANALAB,IVERTAL 6 MG COMP.X 6,IVERMECTINA,0,0,0,0,3,1,0,0,0,0,28,1,1,3,3,4,12,160
CATAMARCA,PANALAB,IVERTAL 6 MG COMP.X 12,IVERMECTINA,0,0,0,0,0,0,0,0,0,0,0,0,0,3,7,2,18,64
CATAMARCA,PANALAB,IVERTAL 6 MG COMP.X 2,IVERMECTINA,2,0,0,2,3,4,4,1,1,3,4,11,2,8,21,1,9,7
CATAMARCA,PANALAB,IVERTAL 6 MG COMP.X 24,IVERMECTINA,0,0,0,0,0,0,0,0,0,0,0,0,0,0,0,0,15,0
LA PLATA,CASSARA,IVERCASS COMP.X 4,IVERMECTINA,0,1,1,6,17,4,20,39,50,38,66,213,155,1755,1287,566,1710,750
LA PLATA,CASSARA,IVERCASS SOL.ORAL GTAS.X 30 ML,IVERMECTINA,4,5,3,6,9,32,264,113,93,107,188,101,71,587,262,164,742,363
LA PLATA,MEGALABS,SECURO COMP.X 6,IVERMECTINA,46,62,79,69,179,124,178,237,148,189,392,181,443,722,327,450,1121,701
LA PLATA,MEGALABS,SECURO COMP.X 2,IVERMECTINA,64,47,70,79,189,142,96,90,92,108,216,34,46,304,70,136,267,118
LA PLATA,PANALAB,IVERTAL 6 MG COMP.X 6,IVERMECTINA,21,32,27,24,69,56,38,32,41,88,116,104,187,328,337,152,596,295
LA PLATA,PANALAB,IVERTAL 6 MG COMP.X 12,IVERMECTINA,0,0,0,0,0,0,0,0,0,0,0,0,0,52,54,88,315,120
LA PLATA,PANALAB,IVERTAL 6 MG COMP.X 2,IVERMECTINA,17,31,11,20,61,14,15,34,12,22,30,39,42,76,39,12,7,1
LA PLATA,PANALAB,IVERTAL 6 MG COMP.X 24,IVERMECTINA,0,0,0,0,0,0,0,0,0,0,0,0,0,0,0,0,34,38
LA PLATA,ELEA,IVER P 6 MG COMP.X 6,IVERMECTINA,2,6,2,0,1,0,0,0,0,0,21,156,31,625,91,109,467,295
LA PLATA,ELEA,IVER P 9 MG COMP.X 30,IVERMECTINA,0,0,0,0,0,0,0,0,0,0,0,0,1,23,12,3,33,6
LA PLATA,ELEA,IVER P 18 MG COMP.X 15,IVERMECTINA,0,0,0,0,0,0,0,0,0,0,0,0,0,23,7,6,20,5
LA PLATA,LAFEDAR,VERMECTIN 6 MG COMP.X 6,IVERMECTINA,0,0,0,0,0,0,0,0,0,0,0,0,0,1,0,0,4,0
JUJUY,MEGALABS,SECURO COMP.X 6,IVERMECTINA,31,47,49,27,89,71,220,732,1220,765,430,250,325,979,762,461,472,402
JUJUY,MEGALABS,SECURO COMP.X 2,IVERMECTINA,36,43,40,43,95,14,95,338,462,272,531,42,58,180,104,93,43,65
JUJUY,CASSARA,IVERCASS COMP.X 4,IVERMECTINA,5,1,2,1,13,39,14,131,399,370,1519,220,193,1092,691,427,386,315
JUJUY,CASSARA,IVERCASS SOL.ORAL GTAS.X 30 ML,IVERMECTINA,0,6,5,1,10,4,19,102,87,131,393,39,8,156,109,62,66,55
JUJUY,PANALAB,IVERTAL 6 MG COMP.X 6,IVERMECTINA,7,20,6,12,7,30,11,30,165,73,261,64,60,250,65,52,128,66
JUJUY,PANALAB,IVERTAL 6 MG COMP.X 2,IVERMECTINA,1,16,1,5,15,27,45,117,179,61,88,5,15,76,20,5,0,16
JUJUY,PANALAB,IVERTAL 6 MG COMP.X 12,IVERMECTINA,0,0,0,0,0,0,0,0,0,0,0,0,0,30,49,18,31,26
JUJUY,PANALAB,IVERTAL 6 MG COMP.X 24,IVERMECTINA,0,0,0,0,0,0,0,0,0,0,0,0,0,0,0,0,5,0
JUJUY,ELEA,IVER P 6 MG COMP.X 6,IVERMECTINA,1,1,2,0,2,0,0,0,0,0,32,13,13,109,275,54,162,64
JUJUY,ELEA,IVER P 18 MG COMP.X 15,IVERMECTINA,0,0,0,0,0,0,0,0,0,0,0,0,0,2,12,1,5,3
JUJUY,ELEA,IVER P 9 MG COMP.X 30,IVERMECTINA,0,0,0,0,0,0,0,0,0,0,0,0,0,0,0,1,5,2
JUJUY,LAFEDAR,VERMECTIN 6 MG COMP.X 6,IVERMECTINA,0,0,0,0,0,0,0,0,0,0,0,0,0,1,0,0,0,0
LA RIOJA,MEGALABS,SECURO COMP.X 6,IVERMECTINA,6,10,3,9,26,10,4,46,262,1087,211,244,163,165,331,108,380,372
LA RIOJA,MEGALABS,SECURO COMP.X 2,IVERMECTINA,26,10,13,14,36,9,19,33,100,370,65,91,44,86,10,44,183,173
LA RIOJA,CASSARA,IVERCASS COMP.X 4,IVERMECTINA,0,1,0,0,3,0,3,7,59,264,256,185,94,382,234,256,671,1210
LA RIOJA,CASSARA,IVERCASS SOL.ORAL GTAS.X 30 ML,IVERMECTINA,2,2,0,0,1,2,1,5,133,93,120,68,17,60,34,26,86,79
LA RIOJA,PANALAB,IVERTAL 6 MG COMP.X 6,IVERMECTINA,3,2,3,2,24,3,0,11,102,254,18,0,31,46,28,17,169,88
LA RIOJA,PANALAB,IVERTAL 6 MG COMP.X 2,IVERMECTINA,0,2,1,0,2,0,1,9,36,79,11,13,9,3,8,4,65,13
LA RIOJA,PANALAB,IVERTAL 6 MG COMP.X 12,IVERMECTINA,0,0,0,0,0,0,0,0,0,0,0,0,0,0,11,1,9,7
LA RIOJA,PANALAB,IVERTAL 6 MG COMP.X 24,IVERMECTINA,0,0,0,0,0,0,0,0,0,0,0,0,0,0,0,0,1,5
LA RIOJA,ELEA,IVER P 6 MG COMP.X 6,IVERMECTINA,0,0,0,0,2,0,0,0,0,0,22,59,11,5,20,8,113,182
LA RIOJA,ELEA,IVER P 9 MG COMP.X 30,IVERMECTINA,0,0,0,0,0,0,0,0,0,0,0,0,0,0,0,0,0,1
LA RIOJA,ELEA,IVER P 18 MG COMP.X 15,IVERMECTINA,0,0,0,0,0,0,0,0,0,0,0,0,0,0,0,0,0,1
LA RIOJA,LAFEDAR,VERMECTIN 6 MG COMP.X 6,IVERMECTINA,0,0,0,0,0,0,0,0,0,0,0,0,0,0,0,1,0,0
TIERRA DEL FUEGO,CASSARA,IVERCASS COMP.X 4,IVERMECTINA,0,0,0,0,2,0,1,2,3,14,87,85,98,295,104,76,127,76
TIERRA DEL FUEGO,CASSARA,IVERCASS SOL.ORAL GTAS.X 30 ML,IVERMECTINA,0,0,0,0,0,1,3,5,2,12,46,37,52,408,91,51,157,52
TIERRA DEL FUEGO,MEGALABS,SECURO COMP.X 6,IVERMECTINA,11,15,16,12,32,30,17,23,27,47,132,443,144,70,50,117,87,62
TIERRA DEL FUEGO,MEGALABS,SECURO COMP.X 2,IVERMECTINA,13,12,2,15,14,10,18,15,27,41,112,43,0,77,0,14,24,7
TIERRA DEL FUEGO,ELEA,IVER P 6 MG COMP.X 6,IVERMECTINA,0,0,0,0,2,0,0,0,0,0,13,266,16,434,111,98,186,129
TIERRA DEL FUEGO,ELEA,IVER P 18 MG COMP.X 15,IVERMECTINA,0,0,0,0,0,0,0,0,0,0,0,0,0,12,2,0,0,0
TIERRA DEL FUEGO,ELEA,IVER P 9 MG COMP.X 30,IVERMECTINA,0,0,0,0,0,0,0,0,0,0,0,0,1,4,4,0,0,0
TIERRA DEL FUEGO,PANALAB,IVERTAL 6 MG COMP.X 6,IVERMECTINA,0,2,0,0,12,3,3,1,7,9,36,39,64,271,174,44,86,9
TIERRA DEL FUEGO,PANALAB,IVERTAL 6 MG COMP.X 2,IVERMECTINA,1,1,1,0,11,11,6,0,6,3,39,27,3,0,3,0,0,3
TIERRA DEL FUEGO,PANALAB,IVERTAL 6 MG COMP.X 12,IVERMECTINA,0,0,0,0,0,0,0,0,0,0,0,0,0,21,0,29,53,11
TIERRA DEL FUEGO,PANALAB,IVERTAL 6 MG COMP.X 24,IVERMECTINA,0,0,0,0,0,0,0,0,0,0,0,0,0,0,0,0,0,1
TIERRA DEL FUEGO,LAFEDAR,VERMECTIN 6 MG COMP.X 6,IVERMECTINA,0,0,0,0,0,0,0,0,0,0,0,0,0,5,4,0,0,0